name|title|description
MTHFR 677 CT  |Метилентетрагидрофолатредуктаза (MTHFR). Гетерозиготная форма полиморфизма 677 гена |
MTHFR 677 ТT  |Метилентетрагидрофолатредуктаза (MTHFR).  Мутантный вариант полиморфизма 677 гена|Связан с увеличением риска заболеваний, в гомозиготной форме
MTHFR 1298 АC|Метилентетрагидрофолатредуктаза (MTHFR). Выявление мутации A1298C (Glu429Ala), генотип A/C|
MTHFR 1298 СC|Метилентетрагидрофолатредуктаза (MTHFR). Выявление мутации A1298C (Glu429Ala), генотип C/C|
MTRR 66 AG|Метионин-синтаза-редуктаза (MTRR). Выявление мутации A66G (Ile22Met), генотип A/G|
MTRR 66 GG|Метионин-синтаза-редуктаза (MTRR). Выявление мутации A66G (Ile22Met), генотип G/G|
MTR 2756 AG|Метионин синтаза (MTR). Выявление мутации A2756G (Asp919Gly), генотип A/G|
MTR 2756 GG|Метионин синтаза (MTR). Выявление мутации A2756G (Asp919Gly), генотип G/G|
PAI-1: -675 5G4G|Генотип 4G/5G гена PAI-1. Ингибитор активатора плазминогена SERPINE1: 4G/5G (PAI1: 4G/5G  Ins/Del G)|
PAI-1: -675 4G4G|Генотип 4G/4G гена PAI-1|Связан со снижением риска инсульта.
F5: 1691 GA|Фактор свертываемости крови 5 (F5). Выявление мутации G1691A (Arg506Gln), генотип A/G|
F5: 1691 АA|Фактор свертываемости крови 5 (F5). Выявление мутации G1691A (Arg506Gln), генотип A/A|
F2: 20210 GA|Фактор свертываемости крови 2, протромбин (F2). Выявление мутации G20210A (регуляторная область гена), генотип A/G|
F2: 20210 АA|Фактор свертываемости крови 2, протромбин (F2). Выявление мутации G20210A (регуляторная область гена), генотип A/A|
